timestamp,ghi,dni,dhi,temperature,wind_speed
2021-01-01 00:00:00,0.0,0.0,0.0,8.0,3.745401188473625
2021-01-01 01:00:00,0.0,0.0,0.0,8.32370465025385,9.50714306409916
2021-01-01 02:00:00,0.0,0.0,0.0,9.272758664047837,7.319939418114051
2021-01-01 03:00:00,0.0,0.0,0.0,10.782485578727798,5.986584841970366
2021-01-01 04:00:00,0.0,0.0,0.0,12.75,1.5601864044243652
2021-01-01 05:00:00,0.0,0.0,0.0,15.041219071526053,1.5599452033620265
2021-01-01 06:00:00,0.0,0.0,0.0,17.5,0.5808361216819946
2021-01-01 07:00:00,0.0,0.0,0.0,19.95878092847395,8.661761457749352
2021-01-01 08:00:00,601.1150117432088,201.6273200477445,283.38426584220696,22.25,6.011150117432088
2021-01-01 09:00:00,708.0725777960455,163.6559428657045,204.9744084868937,24.2175144212722,7.080725777960454
2021-01-01 10:00:00,20.584494295802447,164.26579793099293,149.1524292025282,25.727241335952165,0.2058449429580244
2021-01-01 11:00:00,969.9098521619944,814.5747202313821,185.35417206036416,26.676295349746148,9.699098521619945
2021-01-01 12:00:00,832.4426408004217,665.1972206962001,260.67149534361545,27.0,8.324426408004218
2021-01-01 13:00:00,212.3391106782761,523.0654247691193,171.1829239916489,26.67629534974615,2.1233911067827616
2021-01-01 14:00:00,181.82496720710063,358.8304841235025,9.116117909051058,25.72724133595217,1.8182496720710064
2021-01-01 15:00:00,183.4045098534338,877.2005408131083,279.2846086520933,24.2175144212722,1.8340450985343384
2021-01-01 16:00:00,304.24224295953775,392.4451074226354,206.8580253094684,22.25,3.042422429595377
2021-01-01 17:00:00,524.7564316322379,816.599439471577,202.95401573317395,19.95878092847395,5.247564316322379
2021-01-01 18:00:00,0.0,0.0,0.0,17.5,4.319450186421157
2021-01-01 19:00:00,0.0,0.0,0.0,15.041219071526053,2.91229140198042
2021-01-01 20:00:00,0.0,0.0,0.0,12.750000000000004,6.118528947223795
2021-01-01 21:00:00,0.0,0.0,0.0,10.7824855787278,1.3949386065204183
2021-01-01 22:00:00,0.0,0.0,0.0,9.272758664047837,2.921446485352181
2021-01-01 23:00:00,0.0,0.0,0.0,8.32370465025385,3.663618432936917
2021-01-02 00:00:00,0.0,0.0,0.0,8.0,4.56069984217036
2021-01-02 01:00:00,0.0,0.0,0.0,8.32370465025385,7.851759613930136
2021-01-02 02:00:00,0.0,0.0,0.0,9.272758664047837,1.9967378215835971
2021-01-02 03:00:00,0.0,0.0,0.0,10.782485578727798,5.142344384136116
2021-01-02 04:00:00,0.0,0.0,0.0,12.75,5.924145688620425
2021-01-02 05:00:00,0.0,0.0,0.0,15.041219071526053,0.4645041271999772
2021-01-02 06:00:00,0.0,0.0,0.0,17.5,6.075448519014383
2021-01-02 07:00:00,0.0,0.0,0.0,19.95878092847395,1.7052412368729153
2021-01-02 08:00:00,65.05159298527951,627.7080530714179,263.55466839040434,22.25,0.6505159298527952
2021-01-02 09:00:00,948.8855372533332,334.9056146570861,121.2420964953099,24.2175144212722,9.488855372533331
2021-01-02 10:00:00,965.6320330745592,139.27207266338726,98.1099484689716,25.727241335952165,9.656320330745594
2021-01-02 11:00:00,808.3973481164611,794.025189270296,200.27801566907544,26.676295349746148,8.08397348116461
2021-01-02 12:00:00,304.6137691733707,620.0727559285135,242.3537825823776,27.0,3.046137691733706
2021-01-02 13:00:00,97.67211400638386,533.4610919763215,228.6855404329848,26.67629534974615,0.9767211400638388
2021-01-02 14:00:00,684.2330265121569,893.8925830509577,239.34409465759035,25.72724133595217,6.842330265121569
2021-01-02 15:00:00,440.1524937396013,788.5972112245307,130.6749944438799,24.2175144212722,4.4015249373960135
2021-01-02 16:00:00,122.03823484477884,151.67487973275118,245.35026485250648,22.25,1.2203823484477885
2021-01-02 17:00:00,495.17691011127016,311.72206779554824,36.06271661118253,19.95878092847395,4.951769101112702
2021-01-02 18:00:00,0.0,0.0,0.0,17.5,0.3438852111521839
2021-01-02 19:00:00,0.0,0.0,0.0,15.041219071526053,9.09320402078782
2021-01-02 20:00:00,0.0,0.0,0.0,12.750000000000004,2.587799816000169
2021-01-02 21:00:00,0.0,0.0,0.0,10.7824855787278,6.62522284353982
2021-01-02 22:00:00,0.0,0.0,0.0,9.272758664047837,3.1171107608941098
2021-01-02 23:00:00,0.0,0.0,0.0,8.32370465025385,5.200680211778108
2021-01-03 00:00:00,0.0,0.0,0.0,8.0,5.4671027934327965
2021-01-03 01:00:00,0.0,0.0,0.0,8.32370465025385,1.8485445552552704
2021-01-03 02:00:00,0.0,0.0,0.0,9.272758664047837,9.695846277645586
2021-01-03 03:00:00,0.0,0.0,0.0,10.782485578727798,7.7513282336111455
2021-01-03 04:00:00,0.0,0.0,0.0,12.75,9.394989415641891
2021-01-03 05:00:00,0.0,0.0,0.0,15.041219071526053,8.948273504276488
2021-01-03 06:00:00,0.0,0.0,0.0,17.5,5.978999788110851
2021-01-03 07:00:00,0.0,0.0,0.0,19.95878092847395,9.218742350231167
2021-01-03 08:00:00,88.4925020519195,229.2513952326415,185.8471038028844,22.25,0.884925020519195
2021-01-03 09:00:00,195.9828624191452,722.2525683930663,139.0482131401717,24.2175144212722,1.959828624191452
2021-01-03 10:00:00,45.227288910538064,720.0365365460743,113.93573405376894,25.727241335952165,0.4522728891053806
2021-01-03 11:00:00,325.3303307632643,641.1476328852973,259.0000948715476,26.676295349746148,3.253303307632644
2021-01-03 12:00:00,388.677289689482,693.9484444671,155.72453554086542,27.0,3.88677289689482
2021-01-03 13:00:00,271.3490317738959,542.7244433475962,143.7545632889193,26.67629534974615,2.713490317738959
2021-01-03 14:00:00,828.7375091519293,251.79905890695275,7.692619741930706,25.72724133595217,8.287375091519294
2021-01-03 15:00:00,356.75332669358926,345.69599350391945,102.3743482878469,24.2175144212722,3.567533266935893
2021-01-03 16:00:00,280.93450968738074,181.5977168014257,114.05868563575712,22.25,2.809345096873808
2021-01-03 17:00:00,542.6960831582485,908.4505613336283,119.64683426907014,19.95878092847395,5.426960831582485
2021-01-03 18:00:00,0.0,0.0,0.0,17.5,1.4092422497476265
2021-01-03 19:00:00,0.0,0.0,0.0,15.041219071526053,8.021969807540398
2021-01-03 20:00:00,0.0,0.0,0.0,12.750000000000004,0.7455064367977082
2021-01-03 21:00:00,0.0,0.0,0.0,10.7824855787278,9.868869366005171
2021-01-03 22:00:00,0.0,0.0,0.0,9.272758664047837,7.722447692966574
2021-01-03 23:00:00,0.0,0.0,0.0,8.32370465025385,1.987156815341724
2021-01-04 00:00:00,0.0,0.0,0.0,8.0,0.0552211712360239
2021-01-04 01:00:00,0.0,0.0,0.0,8.32370465025385,8.154614284548341
2021-01-04 02:00:00,0.0,0.0,0.0,9.272758664047837,7.068573438476172
2021-01-04 03:00:00,0.0,0.0,0.0,10.782485578727798,7.2900716804098735
2021-01-04 04:00:00,0.0,0.0,0.0,12.75,7.712703466859457
2021-01-04 05:00:00,0.0,0.0,0.0,15.041219071526053,0.7404465173409036
2021-01-04 06:00:00,0.0,0.0,0.0,17.5,3.5846572854427263
2021-01-04 07:00:00,0.0,0.0,0.0,19.95878092847395,1.1586905952512971
2021-01-04 08:00:00,863.1034258755935,707.2386343133986,18.080217086868256,22.25,8.631034258755935
2021-01-04 09:00:00,623.2981268275579,152.53904291426136,280.3308080416543,24.2175144212722,6.232981268275579
2021-01-04 10:00:00,330.8980248526492,576.2883601668132,105.48680617189032,25.727241335952165,3.308980248526492
2021-01-04 11:00:00,63.55835028602363,606.7150463828559,30.426248534764955,26.676295349746148,0.6355835028602363
2021-01-04 12:00:00,310.9823217156622,424.130671302386,145.7615277558977,27.0,3.109823217156622
2021-01-04 13:00:00,325.183322026747,736.4442356247229,77.03297031615239,26.67629534974615,3.2518332202674705
2021-01-04 14:00:00,729.6061783380641,934.3670147690148,85.46187058857684,25.72724133595217,7.29606178338064
2021-01-04 15:00:00,637.5574713552131,925.5685129067764,92.18698947788596,24.2175144212722,6.375574713552132
2021-01-04 16:00:00,887.2127425763265,450.8393714041321,240.90776934979905,22.25,8.872127425763265
2021-01-04 17:00:00,472.2149251619493,113.23804584075523,161.74838300257633,19.95878092847395,4.722149251619493
2021-01-04 18:00:00,0.0,0.0,0.0,17.5,1.195942459383017
2021-01-04 19:00:00,0.0,0.0,0.0,15.041219071526053,7.13244787222995
2021-01-04 20:00:00,0.0,0.0,0.0,12.750000000000004,7.607850486168974
2021-01-04 21:00:00,0.0,0.0,0.0,10.7824855787278,5.612771975694963
2021-01-04 22:00:00,0.0,0.0,0.0,9.272758664047837,7.70967179954561
2021-01-04 23:00:00,0.0,0.0,0.0,8.32370465025385,4.937955963643907
2021-01-05 00:00:00,0.0,0.0,0.0,8.0,5.227328293819941
2021-01-05 01:00:00,0.0,0.0,0.0,8.32370465025385,4.275410183585496
2021-01-05 02:00:00,0.0,0.0,0.0,9.272758664047837,0.2541912674409519
2021-01-05 03:00:00,0.0,0.0,0.0,10.782485578727798,1.0789142699330443
2021-01-05 04:00:00,0.0,0.0,0.0,12.75,0.3142918568673425
2021-01-05 05:00:00,0.0,0.0,0.0,15.041219071526053,6.364104112637804
2021-01-05 06:00:00,0.0,0.0,0.0,17.5,3.143559810763267
2021-01-05 07:00:00,0.0,0.0,0.0,19.95878092847395,5.085706911647028
2021-01-05 08:00:00,907.5664739260932,537.3956029379228,288.8780625712739,22.25,9.07566473926093
2021-01-05 09:00:00,249.29222914887487,919.8556164127604,145.0636940159774,24.2175144212722,2.4929222914887497
2021-01-05 10:00:00,410.38292303562974,346.34599436596125,241.79776493254744,25.727241335952165,4.103829230356297
2021-01-05 11:00:00,755.5511385430486,346.9532018962277,165.06796264687853,26.676295349746148,7.555511385430487
2021-01-05 12:00:00,228.79816549162248,737.5012481097484,13.02375985644575,27.0,2.2879816549162246
2021-01-05 13:00:00,76.979909828793,452.2179408898072,189.9454126782067,26.67629534974615,0.7697990982879299
2021-01-05 14:00:00,289.75145291376805,224.604822939982,285.4210026619971,25.72724133595217,2.8975145291376805
2021-01-05 15:00:00,161.2212872540044,452.43951613269337,180.48354604389937,24.2175144212722,1.6122128725400442
2021-01-05 16:00:00,929.6976523425732,140.85702037979985,245.75665782803705,22.25,9.29697652342573
2021-01-05 17:00:00,808.1203795644169,176.3869865062233,265.26193900452233,19.95878092847395,8.08120379564417
2021-01-05 18:00:00,0.0,0.0,0.0,17.5,6.334037565104235
2021-01-05 19:00:00,0.0,0.0,0.0,15.041219071526053,8.714605901877178
2021-01-05 20:00:00,0.0,0.0,0.0,12.750000000000004,8.036720768991145
2021-01-05 21:00:00,0.0,0.0,0.0,10.7824855787278,1.8657005888603584
2021-01-05 22:00:00,0.0,0.0,0.0,9.272758664047837,8.925589984899778
2021-01-05 23:00:00,0.0,0.0,0.0,8.32370465025385,5.393422419156507
2021-01-06 00:00:00,0.0,0.0,0.0,8.0,8.074401551640625
2021-01-06 01:00:00,0.0,0.0,0.0,8.32370465025385,8.960912999234932
2021-01-06 02:00:00,0.0,0.0,0.0,9.272758664047837,3.1800347497186388
2021-01-06 03:00:00,0.0,0.0,0.0,10.782485578727798,1.1005192452767676
2021-01-06 04:00:00,0.0,0.0,0.0,12.75,2.279351625419417
2021-01-06 05:00:00,0.0,0.0,0.0,15.041219071526053,4.271077886262563
2021-01-06 06:00:00,0.0,0.0,0.0,17.5,8.18014765922493
2021-01-06 07:00:00,0.0,0.0,0.0,19.95878092847395,8.607305832563434
2021-01-06 08:00:00,6.952130531190703,502.1950103312426,187.1577974029719,22.25,0.069521305311907
2021-01-06 09:00:00,510.7473025775657,595.3850173200437,135.53030362116874,24.2175144212722,5.107473025775658
2021-01-06 10:00:00,417.411003148779,67.07647738842748,175.98253895264224,25.727241335952165,4.17411003148779
2021-01-06 11:00:00,222.10781047073024,749.9604703991778,50.40426232345902,26.676295349746148,2.2210781047073027
2021-01-06 12:00:00,119.8653673336828,209.90559309558577,221.06212348325465,27.0,1.198653673336828
2021-01-06 13:00:00,337.615171403628,898.0542894407138,258.83912326296854,26.67629534974615,3.37615171403628
2021-01-06 14:00:00,942.9097039125191,205.1396404820072,65.02194002723269,25.72724133595217,9.429097039125192
2021-01-06 15:00:00,323.2029320207552,190.68772066366657,28.71436665604852,24.2175144212722,3.2320293202075523
2021-01-06 16:00:00,518.790621743366,36.54966784809488,7.091575813900919,22.25,5.187906217433661
2021-01-06 17:00:00,703.0189588951779,472.06694510999927,192.59145013297984,19.95878092847395,7.030189588951778
2021-01-06 18:00:00,0.0,0.0,0.0,17.5,3.63629602379294
2021-01-06 19:00:00,0.0,0.0,0.0,15.041219071526053,9.717820827209607
2021-01-06 20:00:00,0.0,0.0,0.0,12.750000000000004,9.624472949421111
2021-01-06 21:00:00,0.0,0.0,0.0,10.7824855787278,2.5178229582536416
2021-01-06 22:00:00,0.0,0.0,0.0,9.272758664047837,4.972485058923855
2021-01-06 23:00:00,0.0,0.0,0.0,8.32370465025385,3.0087830981676964
2021-01-07 00:00:00,0.0,0.0,0.0,8.0,2.848404943774676
2021-01-07 01:00:00,0.0,0.0,0.0,8.32370465025385,0.3688694735453279
2021-01-07 02:00:00,0.0,0.0,0.0,9.272758664047837,6.095643339798968
2021-01-07 03:00:00,0.0,0.0,0.0,10.782485578727798,5.026790232288615
2021-01-07 04:00:00,0.0,0.0,0.0,12.75,0.5147875124998935
2021-01-07 05:00:00,0.0,0.0,0.0,15.041219071526053,2.7864646423661146
2021-01-07 06:00:00,0.0,0.0,0.0,17.5,9.082658859666536
2021-01-07 07:00:00,0.0,0.0,0.0,19.95878092847395,2.395618906669724
2021-01-07 08:00:00,144.89487209122308,643.9995432390158,38.51828683623757,22.25,1.448948720912231
2021-01-07 09:00:00,489.452760277563,408.7341710980964,31.2328948152499,24.2175144212722,4.89452760277563
2021-01-07 10:00:00,985.6504541106008,25.38635566034486,217.30164513862235,25.727241335952165,9.856504541106007
2021-01-07 11:00:00,242.0552715115004,156.15259736619035,173.51607510192272,26.676295349746148,2.4205527151150044
2021-01-07 12:00:00,672.1355474058786,715.9722288473976,82.24819996794176,27.0,6.721355474058786
2021-01-07 13:00:00,761.6196153287176,658.9239419101514,23.82581069669598,26.67629534974615,7.616196153287175
2021-01-07 14:00:00,237.63754399239969,27.09599250348349,25.69747487892916,25.72724133595217,2.3763754399239967
2021-01-07 15:00:00,728.2163486118595,221.97216193294943,268.25726239923546,24.2175144212722,7.282163486118596
2021-01-07 16:00:00,367.7831327192532,231.0747965880714,57.56019741562287,22.25,3.677831327192532
2021-01-07 17:00:00,632.3058305935795,671.8927435987284,97.01146863465624,19.95878092847395,6.3230583059357945
2021-01-07 18:00:00,0.0,0.0,0.0,17.5,6.335297107608947
2021-01-07 19:00:00,0.0,0.0,0.0,15.041219071526053,5.357746840747585
2021-01-07 20:00:00,0.0,0.0,0.0,12.750000000000004,0.902897700544083
2021-01-07 21:00:00,0.0,0.0,0.0,10.7824855787278,8.35302495589238
2021-01-07 22:00:00,0.0,0.0,0.0,9.272758664047837,3.2078006497173583
2021-01-07 23:00:00,0.0,0.0,0.0,8.32370465025385,1.8651851039985423
2021-01-08 00:00:00,0.0,0.0,0.0,8.0,0.4077514155476391
2021-01-08 01:00:00,0.0,0.0,0.0,8.32370465025385,5.908929431882418
2021-01-08 02:00:00,0.0,0.0,0.0,9.272758664047837,6.775643618422825
2021-01-08 03:00:00,0.0,0.0,0.0,10.782485578727798,0.1658782892785615
2021-01-08 04:00:00,0.0,0.0,0.0,12.75,5.12093058299281
2021-01-08 05:00:00,0.0,0.0,0.0,15.041219071526053,2.2649577519793795
2021-01-08 06:00:00,0.0,0.0,0.0,17.5,6.451727904094499
2021-01-08 07:00:00,0.0,0.0,0.0,19.95878092847395,1.7436642900499144
2021-01-08 08:00:00,690.9377381024659,293.14773026101324,298.24180836635026,22.25,6.90937738102466
2021-01-08 09:00:00,386.7353463005374,896.3358185211198,198.5517569548136,24.2175144212722,3.867353463005374
2021-01-08 10:00:00,936.7299887367344,13.001923510736034,167.33502521100746,25.727241335952165,9.367299887367343
2021-01-08 11:00:00,137.52094414599324,85.50853085446808,219.19515307177383,26.676295349746148,1.3752094414599323
2021-01-08 12:00:00,341.0663510502585,207.8862551460273,139.56168368511544,27.0,3.410663510502585
2021-01-08 13:00:00,113.47352124058906,26.532203873819714,18.042702780235565,26.67629534974615,1.1347352124058907
2021-01-08 14:00:00,924.6936182785628,181.43543508979727,168.68904476337295,25.72724133595217,9.246936182785628
2021-01-08 15:00:00,877.339353380981,583.0415609696922,287.28758535161404,24.2175144212722,8.77339353380981
2021-01-08 16:00:00,257.9416277151556,421.424550592498,52.59088270729789,22.25,2.579416277151556
2021-01-08 17:00:00,659.9840460341791,892.6717110769748,207.00146724619967,19.95878092847395,6.59984046034179
2021-01-08 18:00:00,0.0,0.0,0.0,17.5,8.172222002012159
2021-01-08 19:00:00,0.0,0.0,0.0,15.041219071526053,5.552008115994624
2021-01-08 20:00:00,0.0,0.0,0.0,12.750000000000004,5.296505783560065
2021-01-08 21:00:00,0.0,0.0,0.0,10.7824855787278,2.418522909004517
2021-01-08 22:00:00,0.0,0.0,0.0,9.272758664047837,0.931027678058992
2021-01-08 23:00:00,0.0,0.0,0.0,8.32370465025385,8.972157579533267
2021-01-09 00:00:00,0.0,0.0,0.0,8.0,9.004180571633304
2021-01-09 01:00:00,0.0,0.0,0.0,8.32370465025385,6.33101457273268
2021-01-09 02:00:00,0.0,0.0,0.0,9.272758664047837,3.390297910487007
2021-01-09 03:00:00,0.0,0.0,0.0,10.782485578727798,3.492095746126609
2021-01-09 04:00:00,0.0,0.0,0.0,12.75,7.259556788702394
2021-01-09 05:00:00,0.0,0.0,0.0,15.041219071526053,8.971102599525771
2021-01-09 06:00:00,0.0,0.0,0.0,17.5,8.870864242651173
2021-01-09 07:00:00,0.0,0.0,0.0,19.95878092847395,7.798755458576238
2021-01-09 08:00:00,642.0316461542877,868.4679758979128,161.98713908416786,22.25,6.420316461542877
2021-01-09 09:00:00,84.13996499504883,487.4311982495136,252.6099883129264,24.2175144212722,0.8413996499504883
2021-01-09 10:00:00,161.62871409461377,894.5522268940914,156.28739318161266,25.727241335952165,1.6162871409461377
2021-01-09 11:00:00,898.5541885270792,799.8552559473152,187.07570640082795,26.676295349746148,8.985541885270793
2021-01-09 12:00:00,606.4290596595899,425.21350446923344,26.737329634804983,27.0,6.0642905965959
2021-01-09 13:00:00,9.197051616629649,22.4693083201174,226.5811261490424,26.67629534974615,0.0919705161662964
2021-01-09 14:00:00,101.47154286603212,268.6773593849461,38.314045090570445,25.72724133595217,1.014715428660321
2021-01-09 15:00:00,663.5017691080558,541.634214660867,247.82028907575847,24.2175144212722,6.635017691080558
2021-01-09 16:00:00,5.061583846218687,633.4782198261473,234.60842630111577,22.25,0.0506158384621868
2021-01-09 17:00:00,160.80805141749866,257.8876854332023,212.6234093228929,19.95878092847395,1.6080805141749863
2021-01-09 18:00:00,0.0,0.0,0.0,17.5,5.487337893665861
2021-01-09 19:00:00,0.0,0.0,0.0,15.041219071526053,6.918951976926932
2021-01-09 20:00:00,0.0,0.0,0.0,12.750000000000004,6.519612595026006
2021-01-09 21:00:00,0.0,0.0,0.0,10.7824855787278,2.242693094605598
2021-01-09 22:00:00,0.0,0.0,0.0,9.272758664047837,7.121792213475358
2021-01-09 23:00:00,0.0,0.0,0.0,8.32370465025385,2.3724908749680007
2021-01-10 00:00:00,0.0,0.0,0.0,8.0,3.2539969815926773
2021-01-10 01:00:00,0.0,0.0,0.0,8.32370465025385,7.464914051180242
2021-01-10 02:00:00,0.0,0.0,0.0,9.272758664047837,6.496328990472147
2021-01-10 03:00:00,0.0,0.0,0.0,10.782485578727798,8.49223410494178
2021-01-10 04:00:00,0.0,0.0,0.0,12.75,6.576128923003433
2021-01-10 05:00:00,0.0,0.0,0.0,15.041219071526053,5.683086033354716
2021-01-10 06:00:00,0.0,0.0,0.0,17.5,0.9367476782809248
2021-01-10 07:00:00,0.0,0.0,0.0,19.95878092847395,3.677158030594336
2021-01-10 08:00:00,265.20236768172543,206.4212717606032,297.6474044469938,22.25,2.6520236768172545
2021-01-10 09:00:00,243.9896433790836,10.995828658480477,255.4274873235288,24.2175144212722,2.439896433790836
2021-01-10 10:00:00,973.0105547524456,136.88563006880727,62.55315430720074,25.727241335952165,9.730105547524456
2021-01-10 11:00:00,393.0977246667604,900.0186418481051,279.1785643931749,26.676295349746148,3.930977246667604
2021-01-10 12:00:00,892.0465551771133,873.8900775625152,34.90991936564283,27.0,8.920465551771134
2021-01-10 13:00:00,631.1386259972629,597.4131021703083,245.23491254735748,26.67629534974615,6.311386259972629
2021-01-10 14:00:00,794.8113035416484,600.5168604336534,114.18698804297402,25.72724133595217,7.948113035416484
2021-01-10 15:00:00,502.6370931051921,665.0366745462554,263.39229613352086,24.2175144212722,5.026370931051921
2021-01-10 16:00:00,576.9038846263591,175.3712786234496,260.4170070322351,22.25,5.769038846263591
2021-01-10 17:00:00,492.5176938188639,914.4119459249598,241.7776200352864,19.95878092847395,4.925176938188639
2021-01-10 18:00:00,0.0,0.0,0.0,17.5,1.952429877980445
2021-01-10 19:00:00,0.0,0.0,0.0,15.041219071526053,7.224521152615053
2021-01-10 20:00:00,0.0,0.0,0.0,12.750000000000004,2.807723624408558
2021-01-10 21:00:00,0.0,0.0,0.0,10.7824855787278,0.2431596643145384
2021-01-10 22:00:00,0.0,0.0,0.0,9.272758664047837,6.454722959071678
2021-01-10 23:00:00,0.0,0.0,0.0,8.32370465025385,1.7711067940704894
2021-01-11 00:00:00,0.0,0.0,0.0,8.0,9.404585843529144
2021-01-11 01:00:00,0.0,0.0,0.0,8.32370465025385,9.539285770025874
2021-01-11 02:00:00,0.0,0.0,0.0,9.272758664047837,9.148643902204483
2021-01-11 03:00:00,0.0,0.0,0.0,10.782485578727798,3.701587002554444
2021-01-11 04:00:00,0.0,0.0,0.0,12.75,0.1545661652886742
2021-01-11 05:00:00,0.0,0.0,0.0,15.041219071526053,9.283185625877254
2021-01-11 06:00:00,0.0,0.0,0.0,17.5,4.281841483173143
2021-01-11 07:00:00,0.0,0.0,0.0,19.95878092847395,9.666548190436696
2021-01-11 08:00:00,963.6199770892528,566.4046402968972,181.8758813252932,22.25,9.636199770892528
2021-01-11 09:00:00,853.0094554673601,476.05040219909966,229.44294027089865,24.2175144212722,8.530094554673601
2021-01-11 10:00:00,294.44889206958567,663.6711653626481,52.45158817812376,25.727241335952165,2.944488920695857
2021-01-11 11:00:00,385.09772860192527,936.829739324758,150.76982293903274,26.676295349746148,3.8509772860192526
2021-01-11 12:00:00,851.136671516857,732.5720972102503,119.59890833169392,27.0,8.511366715168569
2021-01-11 13:00:00,316.9220051562777,214.94037859075675,43.912197648674734,26.67629534974615,3.1692200515627764
2021-01-11 14:00:00,169.4927466860925,31.18313506128468,110.26032668745944,25.72724133595217,1.6949274668609249
2021-01-11 15:00:00,556.8012624583502,262.26404429982506,20.45169281564807,24.2175144212722,5.568012624583502
2021-01-11 16:00:00,936.154774160781,595.0779307002548,7.743572084846095,22.25,9.36154774160781
2021-01-11 17:00:00,696.029796674973,51.42581348425035,40.54988674644683,19.95878092847395,6.96029796674973
2021-01-11 18:00:00,0.0,0.0,0.0,17.5,5.700611700893649
2021-01-11 19:00:00,0.0,0.0,0.0,15.041219071526053,0.9717649377076854
2021-01-11 20:00:00,0.0,0.0,0.0,12.750000000000004,6.150072266991698
2021-01-11 21:00:00,0.0,0.0,0.0,10.7824855787278,9.900538501042632
2021-01-11 22:00:00,0.0,0.0,0.0,9.272758664047837,1.4008401523652405
2021-01-11 23:00:00,0.0,0.0,0.0,8.32370465025385,5.183296523637368
2021-01-12 00:00:00,0.0,0.0,0.0,8.0,8.773730719279554
2021-01-12 01:00:00,0.0,0.0,0.0,8.32370465025385,7.407686177542044
2021-01-12 02:00:00,0.0,0.0,0.0,9.272758664047837,6.97015740995268
2021-01-12 03:00:00,0.0,0.0,0.0,10.782485578727798,7.024840839871093
2021-01-12 04:00:00,0.0,0.0,0.0,12.75,3.594911512197552
2021-01-12 05:00:00,0.0,0.0,0.0,15.041219071526053,2.9359184426449336
2021-01-12 06:00:00,809.3611554785136,799.4158789689792,45.607455938594434,17.5,8.093611554785136
2021-01-12 07:00:00,810.1133946791807,694.6964708544267,18.404888133200448,19.95878092847395,8.101133946791808
2021-01-12 08:00:00,867.0723185801037,272.1451372299627,234.228475820532,22.25,8.670723185801037
2021-01-12 09:00:00,913.2405525564712,590.2306668690871,137.94012713079604,24.2175144212722,9.132405525564714
2021-01-12 10:00:00,511.3423988609378,360.9738969400268,17.449138651642738,25.727241335952165,5.113423988609378
2021-01-12 11:00:00,501.5162946871996,91.58207332663414,298.4598951509301,26.676295349746148,5.015162946871996
2021-01-12 12:00:00,798.2951789667752,917.3135754622429,17.33416829890999,27.0,7.982951789667751
2021-01-12 13:00:00,649.9639307777652,136.8186309189614,208.51056865756595,26.67629534974615,6.499639307777652
2021-01-12 14:00:00,701.9668772577033,950.2373538208024,295.10367757902407,25.72724133595217,7.019668772577034
2021-01-12 15:00:00,795.792669436101,446.0057729579557,71.75403126477768,24.2175144212722,7.95792669436101
2021-01-12 16:00:00,890.0053418175663,185.13292883861965,42.67481060615885,22.25,8.900053418175663
2021-01-12 17:00:00,337.9951568515358,541.9009473783582,36.415481826728666,19.95878092847395,3.379951568515358
2021-01-12 18:00:00,375.582952639944,872.9458358764083,90.98254427027868,17.5,3.75582952639944
2021-01-12 19:00:00,0.0,0.0,0.0,15.041219071526053,0.93981939840869
2021-01-12 20:00:00,0.0,0.0,0.0,12.750000000000004,5.78280140996174
2021-01-12 21:00:00,0.0,0.0,0.0,10.7824855787278,0.3594227379674208
2021-01-12 22:00:00,0.0,0.0,0.0,9.272758664047837,4.655980181324601
2021-01-12 23:00:00,0.0,0.0,0.0,8.32370465025385,5.426446347075766
2021-01-13 00:00:00,0.0,0.0,0.0,8.0,2.865412521282844
2021-01-13 01:00:00,0.0,0.0,0.0,8.32370465025385,5.908332605690108
2021-01-13 02:00:00,0.0,0.0,0.0,9.272758664047837,0.3050024993904943
2021-01-13 03:00:00,0.0,0.0,0.0,10.782485578727798,0.3734818874921441
2021-01-13 04:00:00,0.0,0.0,0.0,12.75,8.226005606596583
2021-01-13 05:00:00,0.0,0.0,0.0,15.041219071526053,3.601906414112629
2021-01-13 06:00:00,0.0,0.0,0.0,17.5,1.2706051265188478
2021-01-13 07:00:00,0.0,0.0,0.0,19.95878092847395,5.222432600548044
2021-01-13 08:00:00,769.9935530986108,180.57534512733352,134.93539464639676,22.25,7.699935530986108
2021-01-13 09:00:00,215.8210274968432,567.9452305526295,58.38675354622952,24.2175144212722,2.1582102749684315
2021-01-13 10:00:00,622.8904758190002,915.488297588042,110.32780526318687,25.727241335952165,6.228904758190002
2021-01-13 11:00:00,85.347464993768,33.94597858579884,124.2389257586781,26.676295349746148,0.85347464993768
2021-01-13 12:00:00,51.681721168607694,697.4202672468399,248.2613686700623,27.0,0.516817211686077
2021-01-13 13:00:00,531.354631568148,297.3490073725508,220.0843141684206,26.67629534974615,5.31354631568148
2021-01-13 14:00:00,540.6351216101065,924.3961953765304,230.791468092402,25.72724133595217,5.406351216101065
2021-01-13 15:00:00,637.4299014982065,971.0582451653678,3.309379328594164,24.2175144212722,6.374299014982066
2021-01-13 16:00:00,726.0913337226616,944.266489113434,124.84619945392843,22.25,7.260913337226615
2021-01-13 17:00:00,975.8520794625346,474.2142166574638,144.4032454905971,19.95878092847395,9.758520794625346
2021-01-13 18:00:00,0.0,0.0,0.0,17.5,5.163003483011953
2021-01-13 19:00:00,0.0,0.0,0.0,15.041219071526053,3.22956472941246
2021-01-13 20:00:00,0.0,0.0,0.0,12.750000000000004,7.9518619476870365
2021-01-13 21:00:00,0.0,0.0,0.0,10.7824855787278,2.708322512620742
2021-01-13 22:00:00,0.0,0.0,0.0,9.272758664047837,4.389714207056361
2021-01-13 23:00:00,0.0,0.0,0.0,8.32370465025385,0.7845638134226596
2021-01-14 00:00:00,0.0,0.0,0.0,8.0,0.2535074341545751
2021-01-14 01:00:00,0.0,0.0,0.0,8.32370465025385,9.626484146779251
2021-01-14 02:00:00,0.0,0.0,0.0,9.272758664047837,8.359801205122059
2021-01-14 03:00:00,0.0,0.0,0.0,10.782485578727798,6.95974206093698
2021-01-14 04:00:00,0.0,0.0,0.0,12.75,4.089529444142698
2021-01-14 05:00:00,0.0,0.0,0.0,15.041219071526053,1.7329432007084578
2021-01-14 06:00:00,156.43704267108603,65.35634079894237,32.92085960325105,17.5,1.5643704267108605
2021-01-14 07:00:00,250.2428981645953,315.2903378306103,164.3878466921079,19.95878092847395,2.502428981645953
2021-01-14 08:00:00,549.2266647061205,539.4912923753373,136.31320036798826,22.25,5.4922666470612045
2021-01-14 09:00:00,714.5959227000624,790.7231648389635,253.3071248218848,24.2175144212722,7.145959227000623
2021-01-14 10:00:00,660.1973767177312,318.7525029320699,29.42477423527337,25.727241335952165,6.601973767177313
2021-01-14 11:00:00,279.9338969459428,625.8913764370091,146.47234110653346,26.676295349746148,2.7993389694594284
2021-01-14 12:00:00,954.865280663194,885.9777482361872,45.01459940819528,27.0,9.54865280663194
2021-01-14 13:00:00,737.8969166957685,615.8631881823046,97.402778067018,26.67629534974615,7.378969166957685
2021-01-14 14:00:00,554.3540525114007,232.95947475363377,221.2071232163399,25.72724133595217,5.543540525114007
2021-01-14 15:00:00,611.7207462343522,24.40078155653802,142.80543881062997,24.2175144212722,6.117207462343522
2021-01-14 16:00:00,419.6000624277899,870.0988739009299,112.7664855437308,22.25,4.196000624277899
2021-01-14 17:00:00,247.73098950115747,21.26941085038714,118.3428835710106,19.95878092847395,2.4773098950115746
2021-01-14 18:00:00,355.9726786512616,874.7016726841994,137.834030521796,17.5,3.559726786512616
2021-01-14 19:00:00,0.0,0.0,0.0,15.041219071526053,7.578461104643691
2021-01-14 20:00:00,0.0,0.0,0.0,12.750000000000004,0.1439348862975586
2021-01-14 21:00:00,0.0,0.0,0.0,10.7824855787278,1.1607264050691624
2021-01-14 22:00:00,0.0,0.0,0.0,9.272758664047837,0.4600264202175275
2021-01-14 23:00:00,0.0,0.0,0.0,8.32370465025385,0.4072880231897013
2021-01-15 00:00:00,0.0,0.0,0.0,8.0,8.554605840110073
2021-01-15 01:00:00,0.0,0.0,0.0,8.32370465025385,7.036578593800237
2021-01-15 02:00:00,0.0,0.0,0.0,9.272758664047837,4.741738290873252
2021-01-15 03:00:00,0.0,0.0,0.0,10.782485578727798,0.9783416065100148
2021-01-15 04:00:00,0.0,0.0,0.0,12.75,4.916158751168323
2021-01-15 05:00:00,0.0,0.0,0.0,15.041219071526053,4.734717707805657
2021-01-15 06:00:00,0.0,0.0,0.0,17.5,1.7320186991001518
2021-01-15 07:00:00,0.0,0.0,0.0,19.95878092847395,4.33851649237973
2021-01-15 08:00:00,398.5047343973735,421.3570022770702,197.8061766617348,22.25,3.985047343973735
2021-01-15 09:00:00,615.8500980522165,737.5823015888915,268.53532221196093,24.2175144212722,6.158500980522165
2021-01-15 10:00:00,635.0936508676438,238.77714576830235,191.0009046501622,25.727241335952165,6.350936508676438
2021-01-15 11:00:00,45.30400977204452,110.47411313139466,184.1800754280185,26.676295349746148,0.4530400977204452
2021-01-15 12:00:00,374.6126146264712,354.6221576407765,19.99561216820699,27.0,3.746126146264712
2021-01-15 13:00:00,625.8599157142364,287.23899165408176,155.52240658356124,26.67629534974615,6.258599157142363
2021-01-15 14:00:00,503.1362585800877,296.3081204559901,45.050700245112495,25.72724133595217,5.031362585800877
2021-01-15 15:00:00,856.4898411883223,233.60775104990995,221.23013061644568,24.2175144212722,8.564898411883222
2021-01-15 16:00:00,658.693631618945,42.093189636361885,153.66657624380235,22.25,6.58693631618945
2021-01-15 17:00:00,162.9344270814297,17.87393473341381,204.068333762506,19.95878092847395,1.629344270814297
2021-01-15 18:00:00,0.0,0.0,0.0,17.5,0.7056874740042984
2021-01-15 19:00:00,0.0,0.0,0.0,15.041219071526053,6.424192782063156
2021-01-15 20:00:00,0.0,0.0,0.0,12.750000000000004,0.2651131054162181
2021-01-15 21:00:00,0.0,0.0,0.0,10.7824855787278,5.8577558127346325
2021-01-15 22:00:00,0.0,0.0,0.0,9.272758664047837,9.402302414249576
2021-01-15 23:00:00,0.0,0.0,0.0,8.32370465025385,5.75474177875879
2021-01-16 00:00:00,0.0,0.0,0.0,8.0,3.881699262065219
2021-01-16 01:00:00,0.0,0.0,0.0,8.32370465025385,6.432882184423532
2021-01-16 02:00:00,0.0,0.0,0.0,9.272758664047837,4.582528904915167
2021-01-16 03:00:00,0.0,0.0,0.0,10.782485578727798,5.45616789315935
2021-01-16 04:00:00,0.0,0.0,0.0,12.75,9.41464808776525
2021-01-16 05:00:00,0.0,0.0,0.0,15.041219071526053,3.8610263780077423
2021-01-16 06:00:00,961.1905638239142,613.4113892107077,198.41118332112435,17.5,9.611905638239142
2021-01-16 07:00:00,905.3506419560638,167.0339460920752,55.558670360240384,19.95878092847395,9.053506419560636
2021-01-16 08:00:00,195.79113478929645,991.1686261369764,52.2328006002253,22.25,1.9579113478929644
2021-01-16 09:00:00,69.36130087516545,231.6717013834434,29.5186949140192,24.2175144212722,0.6936130087516545
2021-01-16 10:00:00,100.77800137742663,942.7317741351256,198.09081591040143,25.727241335952165,1.0077800137742663
2021-01-16 11:00:00,18.22182565154973,649.6466489923685,229.3117986665208,26.676295349746148,0.1822182565154972
2021-01-16 12:00:00,94.4429607559284,607.7367948788591,79.51392849750121,27.0,0.944429607559284
2021-01-16 13:00:00,683.0067734163569,512.6885110165086,6.283488309273844,26.67629534974615,6.830067734163569
2021-01-16 14:00:00,71.18864846022899,230.66981171775868,24.651500242928204,25.72724133595217,0.7118864846022899
2021-01-16 15:00:00,318.9756302937613,176.5280320055083,290.3580104535092,24.2175144212722,3.189756302937613
2021-01-16 16:00:00,844.8753109694545,220.48620907017536,88.63343324322608,22.25,8.448753109694545
2021-01-16 17:00:00,23.271935735825867,186.4382621442545,230.7669443514401,19.95878092847395,0.2327193573582586
2021-01-16 18:00:00,814.4684825889358,779.5844735667533,187.39907065627912,17.5,8.144684825889358
2021-01-16 19:00:00,0.0,0.0,0.0,15.041219071526053,2.8185477477339997
2021-01-16 20:00:00,0.0,0.0,0.0,12.750000000000004,1.1816482762165623
2021-01-16 21:00:00,0.0,0.0,0.0,10.7824855787278,6.967371653641506
2021-01-16 22:00:00,0.0,0.0,0.0,9.272758664047837,6.28942846779884
2021-01-16 23:00:00,0.0,0.0,0.0,8.32370465025385,8.77472013527053
2021-01-17 00:00:00,0.0,0.0,0.0,8.0,7.350710438038858
2021-01-17 01:00:00,0.0,0.0,0.0,8.32370465025385,8.034809303848485
2021-01-17 02:00:00,0.0,0.0,0.0,9.272758664047837,2.820345725713065
2021-01-17 03:00:00,0.0,0.0,0.0,10.782485578727798,1.7743954377972282
2021-01-17 04:00:00,0.0,0.0,0.0,12.75,7.506147516408584
2021-01-17 05:00:00,0.0,0.0,0.0,15.041219071526053,8.06834739267264
2021-01-17 06:00:00,0.0,0.0,0.0,17.5,9.905051420006734
2021-01-17 07:00:00,0.0,0.0,0.0,19.95878092847395,4.126176769114265
2021-01-17 08:00:00,372.0180857927832,223.81761482262309,174.72679746217395,22.25,3.720180857927832
2021-01-17 09:00:00,776.4129607419968,536.9744228934136,224.42195382885964,24.2175144212722,7.764129607419968
2021-01-17 10:00:00,340.80354025301784,592.9399348417031,243.53093642704127,25.727241335952165,3.4080354025301784
2021-01-17 11:00:00,930.7573256035648,580.0862078378112,196.9435821994508,26.676295349746148,9.307573256035647
2021-01-17 12:00:00,858.4127518430118,91.48683739775488,38.42872390986001,27.0,8.584127518430119
2021-01-17 13:00:00,428.99402737501833,877.4608626303803,101.48025179834951,26.67629534974615,4.289940273750183
2021-01-17 14:00:00,750.8710677914974,265.60004258870606,278.4250920978149,25.72724133595217,7.508710677914974
2021-01-17 15:00:00,754.5428740846824,129.51492128280418,67.38468355315558,24.2175144212722,7.545428740846823
2021-01-17 16:00:00,103.1238688359326,888.7480798689772,111.650107151254,22.25,1.031238688359326
2021-01-17 17:00:00,902.5529066795668,955.6514982297532,129.6230648832588,19.95878092847395,9.025529066795666
2021-01-17 18:00:00,0.0,0.0,0.0,17.5,5.052523724478571
2021-01-17 19:00:00,0.0,0.0,0.0,15.041219071526053,8.264574661077416
2021-01-17 20:00:00,0.0,0.0,0.0,12.750000000000004,3.200496010306117
2021-01-17 21:00:00,0.0,0.0,0.0,10.7824855787278,8.955232284962005
2021-01-17 22:00:00,0.0,0.0,0.0,9.272758664047837,3.892016787341631
2021-01-17 23:00:00,0.0,0.0,0.0,8.32370465025385,0.1083765148029836
2021-01-18 00:00:00,0.0,0.0,0.0,8.0,9.053819764192635
2021-01-18 01:00:00,0.0,0.0,0.0,8.32370465025385,0.9128667678613356
2021-01-18 02:00:00,0.0,0.0,0.0,9.272758664047837,3.1931363759041487
2021-01-18 03:00:00,0.0,0.0,0.0,10.782485578727798,9.50061967050805
2021-01-18 04:00:00,0.0,0.0,0.0,12.75,9.50607146937556
2021-01-18 05:00:00,0.0,0.0,0.0,15.041219071526053,5.734378881232861
2021-01-18 06:00:00,631.8372121697993,683.258763659596,275.67796009186634,17.5,6.318372121697992
2021-01-18 07:00:00,448.4455219783198,76.13085949030018,75.67230605200848,19.95878092847395,4.4844552197831975
2021-01-18 08:00:00,293.21077169806455,851.2069140487687,226.51257862388348,22.25,2.9321077169806453
2021-01-18 09:00:00,328.664545369916,495.1465270139743,138.161849182242,24.2175144212722,3.28664545369916
2021-01-18 10:00:00,672.5184560770384,480.586577326648,252.59956586701847,25.727241335952165,6.725184560770384
2021-01-18 11:00:00,752.37452943768,592.4077846595176,218.547203148484,26.676295349746148,7.5237452943768
2021-01-18 12:00:00,791.5790437258486,824.6809659251492,232.9342339499174,27.0,7.915790437258485
2021-01-18 13:00:00,789.6181427945539,347.80920790219307,196.84855130432143,26.67629534974615,7.896181427945539
2021-01-18 14:00:00,91.20610304869037,678.0161525590636,53.22863084091206,25.72724133595217,0.9120610304869036
2021-01-18 15:00:00,494.4203047025815,565.731963995791,163.5080756690815,24.2175144212722,4.944203047025814
2021-01-18 16:00:00,57.558760016644285,267.0282701694213,295.40092185735244,22.25,0.5755876001664428
2021-01-18 17:00:00,549.5288823237355,878.6299863551579,281.2164199491357,19.95878092847395,5.495288823237355
2021-01-18 18:00:00,441.530501373377,797.4260216069281,12.9521207391035,17.5,4.41530501373377
2021-01-18 19:00:00,0.0,0.0,0.0,15.041219071526053,8.877041827582998
2021-01-18 20:00:00,0.0,0.0,0.0,12.750000000000004,3.509150125520786
2021-01-18 21:00:00,0.0,0.0,0.0,10.7824855787278,1.1706701642760586
2021-01-18 22:00:00,0.0,0.0,0.0,9.272758664047837,1.4299168205283586
2021-01-18 23:00:00,0.0,0.0,0.0,8.32370465025385,7.615106317174723
2021-01-19 00:00:00,0.0,0.0,0.0,8.0,6.182180633162611
2021-01-19 01:00:00,0.0,0.0,0.0,8.32370465025385,1.0112267612279024
2021-01-19 02:00:00,0.0,0.0,0.0,9.272758664047837,0.8410680611499743
2021-01-19 03:00:00,0.0,0.0,0.0,10.782485578727798,7.009691314591199
2021-01-19 04:00:00,0.0,0.0,0.0,12.75,0.7276300636419353
2021-01-19 05:00:00,0.0,0.0,0.0,15.041219071526053,8.218600592903563
2021-01-19 06:00:00,0.0,0.0,0.0,17.5,7.062422271564962
2021-01-19 07:00:00,0.0,0.0,0.0,19.95878092847395,0.8134878064189976
2021-01-19 08:00:00,84.83771408519192,825.8167505647626,206.6655906150272,22.25,0.8483771408519192
2021-01-19 09:00:00,986.6395785011756,128.8698674734452,261.9968747582423,24.2175144212722,9.866395785011754
2021-01-19 10:00:00,374.2707957561203,335.11885425914187,190.8874061937744,25.727241335952165,3.742707957561203
2021-01-19 11:00:00,370.6421470668909,743.5082562916077,228.3364611129474,26.676295349746148,3.706421470668909
2021-01-19 12:00:00,812.7995672575025,160.7598960483082,48.021490486371896,27.0,8.127995672575025
2021-01-19 13:00:00,947.2485773838588,817.9670241190622,138.46724232593698,26.67629534974615,9.472485773838589
2021-01-19 14:00:00,986.001063822871,832.1341779577419,2.799485948127989,25.72724133595217,9.860010638228708
2021-01-19 15:00:00,753.3781852589416,507.4677337608362,74.0036593564869,24.2175144212722,7.533781852589416
2021-01-19 16:00:00,376.2595855309158,6.38587171683358,217.93851453390144,22.25,3.762595855309158
2021-01-19 17:00:00,83.50071669866877,287.0381331749128,297.54298540480903,19.95878092847395,0.8350071669866876
2021-01-19 18:00:00,0.0,0.0,0.0,17.5,7.771469159274368
2021-01-19 19:00:00,0.0,0.0,0.0,15.041219071526053,5.58404249735805
2021-01-19 20:00:00,0.0,0.0,0.0,12.750000000000004,4.242220092469763
2021-01-19 21:00:00,0.0,0.0,0.0,10.7824855787278,9.06354385094736
2021-01-19 22:00:00,0.0,0.0,0.0,9.272758664047837,1.1119748230615134
2021-01-19 23:00:00,0.0,0.0,0.0,8.32370465025385,4.926251042908591
2021-01-20 00:00:00,0.0,0.0,0.0,8.0,0.1135364476741906
2021-01-20 01:00:00,0.0,0.0,0.0,8.32370465025385,4.686606419941263
2021-01-20 02:00:00,0.0,0.0,0.0,9.272758664047837,0.5630327568183735
2021-01-20 03:00:00,0.0,0.0,0.0,10.782485578727798,1.1881791626807192
2021-01-20 04:00:00,0.0,0.0,0.0,12.75,1.1752624677710488
2021-01-20 05:00:00,0.0,0.0,0.0,15.041219071526053,6.492103021160636
2021-01-20 06:00:00,746.0448792654233,632.6218931339481,228.29722800842816,17.5,7.460448792654233
2021-01-20 07:00:00,583.3687650971597,932.0281055100174,10.59340648207172,19.95878092847395,5.833687650971596
2021-01-20 08:00:00,962.172548474542,102.50972799067924,223.72013481936963,22.25,9.62172548474542
2021-01-20 09:00:00,374.87057952370407,937.2284872364512,60.74416804957122,24.2175144212722,3.748705795237041
2021-01-20 10:00:00,285.7120862818607,687.8857223008133,287.42204403581405,25.727241335952165,2.8571208628186078
2021-01-20 11:00:00,868.5991281894603,67.8370591051719,110.38222539062534,26.676295349746148,8.685991281894603
2021-01-20 12:00:00,223.59583851945263,300.96356694681623,98.07948490142373,27.0,2.235958385194526
2021-01-20 13:00:00,963.2225394406112,708.1720886452816,44.666415099733406,26.67629534974615,9.632225394406111
2021-01-20 14:00:00,12.15447468981634,67.3506014687717,91.68126464706448,25.72724133595217,0.1215447468981634
2021-01-20 15:00:00,969.8788267076392,582.1704601762733,262.99522854846015,24.2175144212722,9.69878826707639
2021-01-20 16:00:00,43.15991195057612,345.88305695295674,298.9003012881742,22.25,0.4315991195057611
2021-01-20 17:00:00,891.143113698071,620.9155177674771,110.4928591520545,19.95878092847395,8.911431136980712
2021-01-20 18:00:00,527.7011090862999,45.74203381251285,134.58318928636277,17.5,5.277011090862999
2021-01-20 19:00:00,0.0,0.0,0.0,15.041219071526053,9.929647961193004
2021-01-20 20:00:00,0.0,0.0,0.0,12.750000000000004,0.7379656473539886
2021-01-20 21:00:00,0.0,0.0,0.0,10.7824855787278,5.538542844013207
2021-01-20 22:00:00,0.0,0.0,0.0,9.272758664047837,9.69302535619099
2021-01-20 23:00:00,0.0,0.0,0.0,8.32370465025385,5.230978441701488
2021-01-21 00:00:00,0.0,0.0,0.0,8.0,6.293986381352625
2021-01-21 01:00:00,0.0,0.0,0.0,8.32370465025385,6.957486889846171
2021-01-21 02:00:00,0.0,0.0,0.0,9.272758664047837,4.545410647677732
2021-01-21 03:00:00,0.0,0.0,0.0,10.782485578727798,6.275580800840634
2021-01-21 04:00:00,0.0,0.0,0.0,12.75,5.843143119231002
2021-01-21 05:00:00,0.0,0.0,0.0,15.041219071526053,9.01158010490989
2021-01-21 06:00:00,0.0,0.0,0.0,17.5,0.4544638034145787
2021-01-21 07:00:00,0.0,0.0,0.0,19.95878092847395,2.809631895922303
2021-01-21 08:00:00,950.4114840765588,273.62666628166585,192.69765777156823,22.25,9.504114840765588
2021-01-21 09:00:00,890.2637838909163,997.1245001577112,19.456078344890503,24.2175144212722,8.902637838909163
2021-01-21 10:00:00,455.6567527857129,426.18130223597296,173.99513622843938,25.727241335952165,4.55656752785713
2021-01-21 11:00:00,620.1325978015367,451.38702432967546,168.44537638785712,26.676295349746148,6.201325978015367
2021-01-21 12:00:00,277.38118298113267,163.62382119166918,168.19802832485126,27.0,2.7738118298113266
2021-01-21 13:00:00,188.1211597237613,794.8095487499294,181.04629997893645,26.67629534974615,1.881211597237613
2021-01-21 14:00:00,463.6984049399821,693.6822257814887,202.94038116790867,25.72724133595217,4.636984049399821
2021-01-21 15:00:00,353.35222802605284,220.7696127887604,241.4966999042309,24.2175144212722,3.533522280260528
2021-01-21 16:00:00,583.6561118508721,82.3810456158427,80.9462160384643,22.25,5.836561118508721
2021-01-21 17:00:00,77.73463696498484,680.4993020747131,247.51482305401865,19.95878092847395,0.7773463696498484
2021-01-21 18:00:00,0.0,0.0,0.0,17.5,9.743948076661663
2021-01-21 19:00:00,0.0,0.0,0.0,15.041219071526053,9.86210744479603
2021-01-21 20:00:00,0.0,0.0,0.0,12.750000000000004,6.981617140197452
2021-01-21 21:00:00,0.0,0.0,0.0,10.7824855787278,5.360963663441204
2021-01-21 22:00:00,0.0,0.0,0.0,9.272758664047837,3.0952761628632777
2021-01-21 23:00:00,0.0,0.0,0.0,8.32370465025385,8.137950197069486
2021-01-22 00:00:00,0.0,0.0,0.0,8.0,6.847311725538793
2021-01-22 01:00:00,0.0,0.0,0.0,8.32370465025385,1.626169393448913
2021-01-22 02:00:00,0.0,0.0,0.0,9.272758664047837,9.109271844938425
2021-01-22 03:00:00,0.0,0.0,0.0,10.782485578727798,8.22537242923169
2021-01-22 04:00:00,0.0,0.0,0.0,12.75,9.49799913291924
2021-01-22 05:00:00,0.0,0.0,0.0,15.041219071526053,7.2571950838836
2021-01-22 06:00:00,613.4151959357898,894.0992036791345,26.580128903885168,17.5,6.134151959357899
2021-01-22 07:00:00,418.2430362906189,229.95460589108612,66.18358581336338,19.95878092847395,4.182430362906189
2021-01-22 08:00:00,932.7284833540132,213.1047040250833,179.46758821912164,22.25,9.327284833540132
2021-01-22 09:00:00,866.0638895004083,31.13408288451136,220.6989342717569,24.2175144212722,8.660638895004084
2021-01-22 10:00:00,45.21867010618941,651.6668253758851,299.5042534178849,25.727241335952165,0.452186701061894
2021-01-22 11:00:00,26.36697449725201,368.5263437237612,279.9339994030673,26.676295349746148,0.26366974497252
2021-01-22 12:00:00,376.4633668780496,864.3582498396371,192.76955986055745,27.0,3.764633668780496
2021-01-22 13:00:00,810.5533307818329,473.20990669155714,126.3744159882216,26.67629534974615,8.105533307818328
2021-01-22 14:00:00,987.2761293149445,968.1934279147216,190.85320941246985,25.72724133595217,9.872761293149445
2021-01-22 15:00:00,150.41689110352817,185.5255157031212,235.6954854240696,24.2175144212722,1.5041689110352818
2021-01-22 16:00:00,594.1307153521351,868.6231679556108,35.500857277016195,22.25,5.941307153521351
2021-01-22 17:00:00,380.8908566310215,776.5968527917418,122.97146690888648,19.95878092847395,3.8089085663102153
2021-01-22 18:00:00,969.9143978146031,770.921844644052,251.9406856906852,17.5,9.699143978146031
2021-01-22 19:00:00,0.0,0.0,0.0,15.041219071526053,8.421189231357086
2021-01-22 20:00:00,0.0,0.0,0.0,12.750000000000004,8.383287047111379
2021-01-22 21:00:00,0.0,0.0,0.0,10.7824855787278,4.686931597949703
2021-01-22 22:00:00,0.0,0.0,0.0,9.272758664047837,4.148195023376652
2021-01-22 23:00:00,0.0,0.0,0.0,8.32370465025385,2.7340707193070624
2021-01-23 00:00:00,0.0,0.0,0.0,8.0,0.5637549665092711
2021-01-23 01:00:00,0.0,0.0,0.0,8.32370465025385,8.647223762550531
2021-01-23 02:00:00,0.0,0.0,0.0,9.272758664047837,8.129010091300776
2021-01-23 03:00:00,0.0,0.0,0.0,10.782485578727798,9.997176732861304
2021-01-23 04:00:00,0.0,0.0,0.0,12.75,9.966368370739056
2021-01-23 05:00:00,0.0,0.0,0.0,15.041219071526053,5.5543170560262745
2021-01-23 06:00:00,0.0,0.0,0.0,17.5,7.689874151805105
2021-01-23 07:00:00,0.0,0.0,0.0,19.95878092847395,9.44765729882428
2021-01-23 08:00:00,849.6473906774114,200.5247267003367,77.78902765973213,22.25,8.496473906774115
2021-01-23 09:00:00,247.34810174319765,491.5945467414369,128.8970438216805,24.2175144212722,2.4734810174319763
2021-01-23 10:00:00,450.5441353100935,64.20893707513409,261.81907514538057,25.727241335952165,4.505441353100935
2021-01-23 11:00:00,129.15941515149498,581.9714019143988,252.58007003754253,26.676295349746148,1.2915941515149498
2021-01-23 12:00:00,954.0510272587225,268.99340443509766,55.83042535388319,27.0,9.540510272587223
2021-01-23 13:00:00,606.17463445088,797.5591006371882,240.7929929387132,26.67629534974615,6.0617463445088005
2021-01-23 14:00:00,228.6428055034627,310.3619589235737,137.4560660213678,25.72724133595217,2.2864280550346274
2021-01-23 15:00:00,671.7006844058567,455.2201490818012,144.89066162560655,24.2175144212722,6.717006844058568
2021-01-23 16:00:00,618.1282404578958,11.620539908100636,40.04399172478313,22.25,6.181282404578958
2021-01-23 17:00:00,358.1627180328405,72.44688779455888,24.180454127137395,19.95878092847395,3.5816271803284048
2021-01-23 18:00:00,0.0,0.0,0.0,17.5,1.1355759219962902
2021-01-23 19:00:00,0.0,0.0,0.0,15.041219071526053,6.715731955927996
2021-01-23 20:00:00,0.0,0.0,0.0,12.750000000000004,5.2030770090379335
2021-01-23 21:00:00,0.0,0.0,0.0,10.7824855787278,7.723183917356393
2021-01-23 22:00:00,0.0,0.0,0.0,9.272758664047837,5.201635011119934
2021-01-23 23:00:00,0.0,0.0,0.0,8.32370465025385,8.5218150031854
2021-01-24 00:00:00,0.0,0.0,0.0,8.0,5.519068387744856
2021-01-24 01:00:00,0.0,0.0,0.0,8.32370465025385,5.609379715353863
2021-01-24 02:00:00,0.0,0.0,0.0,9.272758664047837,8.76653602658345
2021-01-24 03:00:00,0.0,0.0,0.0,10.782485578727798,4.034828662123971
2021-01-24 04:00:00,0.0,0.0,0.0,12.75,1.340152284506407
2021-01-24 05:00:00,0.0,0.0,0.0,15.041219071526053,0.2878267631333897
2021-01-24 06:00:00,755.137255673619,142.49554290151323,17.116416345376294,17.5,7.55137255673619
2021-01-24 07:00:00,620.3095513534647,498.88815345135606,84.65612240796004,19.95878092847395,6.203095513534647
2021-01-24 08:00:00,704.0797680992235,618.1557343181191,78.5117051207718,22.25,7.040797680992236
2021-01-24 09:00:00,212.9641615089108,702.464970544104,74.09363972159994,24.2175144212722,2.129641615089107
2021-01-24 10:00:00,136.37147558676978,559.6486834869141,271.876374156311,25.727241335952165,1.3637147558676976
2021-01-24 11:00:00,14.54466566788193,9.77084741918366,74.86385995485183,26.676295349746148,0.1454466566788192
2021-01-24 12:00:00,350.587558806597,326.4613082439919,81.5849178385893,27.0,3.5058755880659698
2021-01-24 13:00:00,589.9176868546331,517.7116433847115,227.8194787253891,26.67629534974615,5.899176868546331
2021-01-24 14:00:00,392.2440450997323,87.86649914483336,134.921952735162,25.72724133595217,3.922440450997323
2021-01-24 15:00:00,437.47492202372905,350.6269312091808,233.0131670865544,24.2175144212722,4.374749220237291
2021-01-24 16:00:00,904.1586944937484,33.20310879136657,19.609847269315573,22.25,9.041586944937483
2021-01-24 17:00:00,348.25546702330035,78.57849715502074,146.27135810201528,19.95878092847395,3.482554670233004
2021-01-24 18:00:00,513.9894891598108,396.9232762015961,10.08408005498479,17.5,5.139894891598108
2021-01-24 19:00:00,0.0,0.0,0.0,15.041219071526053,7.8365301274114305
2021-01-24 20:00:00,0.0,0.0,0.0,12.750000000000004,3.9654278232127016
2021-01-24 21:00:00,0.0,0.0,0.0,10.7824855787278,6.220867002278735
2021-01-24 22:00:00,0.0,0.0,0.0,9.272758664047837,8.623637087467452
2021-01-24 23:00:00,0.0,0.0,0.0,8.32370465025385,9.495206236576422
2021-01-25 00:00:00,0.0,0.0,0.0,8.0,1.4707348092903794
2021-01-25 01:00:00,0.0,0.0,0.0,8.32370465025385,9.265876251614944
2021-01-25 02:00:00,0.0,0.0,0.0,9.272758664047837,4.921162930795382
2021-01-25 03:00:00,0.0,0.0,0.0,10.782485578727798,2.5824438829895837
2021-01-25 04:00:00,0.0,0.0,0.0,12.75,4.591357562382613
2021-01-25 05:00:00,0.0,0.0,0.0,15.041219071526053,9.800325752854771
2021-01-25 06:00:00,0.0,0.0,0.0,17.5,4.926180939928696
2021-01-25 07:00:00,0.0,0.0,0.0,19.95878092847395,3.287516102875082
2021-01-25 08:00:00,633.4008543167258,709.0605194509164,125.63799572224842,22.25,6.334008543167258
2021-01-25 09:00:00,240.14561877819307,870.9691237460856,78.04733728861535,24.2175144212722,2.401456187781931
2021-01-25 10:00:00,75.86332810866392,714.0869321324278,219.24628949421893,25.727241335952165,0.7586332810866392
2021-01-25 11:00:00,128.87972191064924,801.7280830697919,294.389127149174,26.676295349746148,1.2887972191064925
2021-01-25 12:00:00,128.04583895777245,339.45019254280606,76.95901873327435,27.0,1.2804583895777244
2021-01-25 13:00:00,151.90269351229435,814.8251137465122,196.25238044222235,26.67629534974615,1.5190269351229435
2021-01-25 14:00:00,138.82717264941013,80.11484638467515,59.42928982792204,25.72724133595217,1.3882717264941014
2021-01-25 15:00:00,640.8747448032146,894.8166560605276,169.59907637148297,24.2175144212722,6.4087474480321465
2021-01-25 16:00:00,181.88008439914483,547.5923761537363,139.17974600650086,22.25,1.8188008439914485
2021-01-25 17:00:00,345.6672833238632,817.2977699624937,291.6015988894611,19.95878092847395,3.456672833238632
2021-01-25 18:00:00,0.0,0.0,0.0,17.5,8.967884099060118
2021-01-25 19:00:00,0.0,0.0,0.0,15.041219071526053,4.739616402628723
2021-01-25 20:00:00,0.0,0.0,0.0,12.750000000000004,6.675577385210271
2021-01-25 21:00:00,0.0,0.0,0.0,10.7824855787278,1.7231987120162984
2021-01-25 22:00:00,0.0,0.0,0.0,9.272758664047837,1.922890188086708
2021-01-25 23:00:00,0.0,0.0,0.0,8.32370465025385,0.4086861626647886
2021-01-26 00:00:00,0.0,0.0,0.0,8.0,1.6893506307216457
2021-01-26 01:00:00,0.0,0.0,0.0,8.32370465025385,2.7859033903195862
2021-01-26 02:00:00,0.0,0.0,0.0,9.272758664047837,1.7701048427674682
2021-01-26 03:00:00,0.0,0.0,0.0,10.782485578727798,0.8870253375705561
2021-01-26 04:00:00,0.0,0.0,0.0,12.75,1.206358711006008
2021-01-26 05:00:00,0.0,0.0,0.0,15.041219071526053,4.607787680327258
2021-01-26 06:00:00,206.33371840579247,182.11791568869927,20.30050857000048,17.5,2.063337184057925
2021-01-26 07:00:00,364.2698610480755,789.6985071424791,212.3505291689306,19.95878092847395,3.6426986104807546
2021-01-26 08:00:00,503.4172708548569,658.7077755008761,163.0614652027938,22.25,5.034172708548569
2021-01-26 09:00:00,690.3948286293653,498.19571645313897,24.51760372403348,24.2175144212722,6.903948286293653
2021-01-26 10:00:00,39.31213984109894,555.3635509376312,137.49019245859694,25.727241335952165,0.3931213984109893
2021-01-26 11:00:00,799.4103989090427,719.2017782722638,145.4088861390141,26.676295349746148,7.994103989090426
2021-01-26 12:00:00,627.9003894909077,228.45474133129872,49.73236204898272,27.0,6.279003894909078
2021-01-26 13:00:00,81.75903194887191,996.333916056742,283.7094441000847,26.67629534974615,0.8175903194887191
2021-01-26 14:00:00,873.5786241067772,974.7931621467832,254.9926114441986,25.72724133595217,8.735786241067773
2021-01-26 15:00:00,920.8724005318132,650.3256863469369,200.7067011987325,24.2175144212722,9.208724005318132
2021-01-26 16:00:00,61.07795985486375,199.5424509291452,138.68866830018217,22.25,0.6107795985486375
2021-01-26 17:00:00,276.87764814720373,680.2282424312913,123.52966247535257,19.95878092847395,2.7687764814720373
2021-01-26 18:00:00,806.2012797930613,72.19840897917584,195.29204014528625,17.5,8.062012797930613
2021-01-26 19:00:00,0.0,0.0,0.0,15.041219071526053,7.482596903836583
2021-01-26 20:00:00,0.0,0.0,0.0,12.750000000000004,1.8452101935637728
2021-01-26 21:00:00,0.0,0.0,0.0,10.7824855787278,2.093493233367103
2021-01-26 22:00:00,0.0,0.0,0.0,9.272758664047837,3.70472102791382
2021-01-26 23:00:00,0.0,0.0,0.0,8.32370465025385,4.845229851910213
2021-01-27 00:00:00,0.0,0.0,0.0,8.0,6.18254771530296
2021-01-27 01:00:00,0.0,0.0,0.0,8.32370465025385,3.689136395697724
2021-01-27 02:00:00,0.0,0.0,0.0,9.272758664047837,4.625347161331479
2021-01-27 03:00:00,0.0,0.0,0.0,10.782485578727798,7.474709381337565
2021-01-27 04:00:00,0.0,0.0,0.0,12.75,0.366832028905979
2021-01-27 05:00:00,0.0,0.0,0.0,15.041219071526053,2.5243694434402077
2021-01-27 06:00:00,0.0,0.0,0.0,17.5,7.133495858845524
2021-01-27 07:00:00,0.0,0.0,0.0,19.95878092847395,8.952068376871994
2021-01-27 08:00:00,511.6774421156661,438.61541918959045,61.46438224521377,22.25,5.116774421156661
2021-01-27 09:00:00,532.1134852653156,725.2576604151365,263.34902344561226,24.2175144212722,5.321134852653157
2021-01-27 10:00:00,107.17201133977603,486.6689414247029,263.87455648545875,25.727241335952165,1.0717201133977603
2021-01-27 11:00:00,447.41236682345465,873.4232380816605,261.17352751380207,26.676295349746148,4.474123668234546
2021-01-27 12:00:00,532.6172664550231,900.7018640112585,71.63886341446178,27.0,5.326172664550231
2021-01-27 13:00:00,242.47050363472965,421.7209268734554,135.37180325429642,26.67629534974615,2.4247050363472966
2021-01-27 14:00:00,269.243230949381,276.82779723505155,295.4968968422625,25.72724133595217,2.6924323094938094
2021-01-27 15:00:00,377.2841631046226,592.3503285933622,231.6037428929971,24.2175144212722,3.7728416310462265
2021-01-27 16:00:00,20.07119777772637,912.3633456166908,8.150226367667946,22.25,0.2007119777772636
2021-01-27 17:00:00,322.0791655831783,210.6621890056666,19.56137737814761,19.95878092847395,3.220791655831783
2021-01-27 18:00:00,0.0,0.0,0.0,17.5,2.1144800699654462
2021-01-27 19:00:00,0.0,0.0,0.0,15.041219071526053,3.2749735217791462
2021-01-27 20:00:00,0.0,0.0,0.0,12.750000000000004,1.1976213181925122
2021-01-27 21:00:00,0.0,0.0,0.0,10.7824855787278,8.90527280739895
2021-01-27 22:00:00,0.0,0.0,0.0,9.272758664047837,5.935924535540487
2021-01-27 23:00:00,0.0,0.0,0.0,8.32370465025385,6.791023191444896
2021-01-28 00:00:00,0.0,0.0,0.0,8.0,7.891712386073383
2021-01-28 01:00:00,0.0,0.0,0.0,8.32370465025385,4.984421989290572
2021-01-28 02:00:00,0.0,0.0,0.0,9.272758664047837,0.8692028808742369
2021-01-28 03:00:00,0.0,0.0,0.0,10.782485578727798,5.371065418185478
2021-01-28 04:00:00,0.0,0.0,0.0,12.75,5.868411180208791
2021-01-28 05:00:00,0.0,0.0,0.0,15.041219071526053,7.4543947418433
2021-01-28 06:00:00,431.6595462296794,247.23107440317705,86.14138742537266,17.5,4.316595462296794
2021-01-28 07:00:00,127.58030279556375,870.7499012725114,237.8563257101518,19.95878092847395,1.2758030279556376
2021-01-28 08:00:00,283.77590579872447,445.3052550026655,173.27800976434725,22.25,2.8377590579872445
2021-01-28 09:00:00,363.0822963986351,514.8173539296902,190.37472526509112,24.2175144212722,3.630822963986351
2021-01-28 10:00:00,645.9172413316012,359.2333693997657,239.3742478847682,25.727241335952165,6.459172413316012
2021-01-28 11:00:00,570.7783046689119,592.9508514349275,118.79114179873646,26.676295349746148,5.707783046689119
2021-01-28 12:00:00,356.0967258978462,163.52387258502276,274.527020522113,27.0,3.5609672589784624
2021-01-28 13:00:00,986.5152487929796,391.0815366517607,159.90866017384198,26.67629534974615,9.865152487929796
2021-01-28 14:00:00,605.7748193568872,969.4123223352876,47.3864468506044,25.72724133595217,6.057748193568871
2021-01-28 15:00:00,237.22679173599448,258.1334327011276,208.76973545064072,24.2175144212722,2.372267917359945
2021-01-28 16:00:00,101.78247262040374,656.7366645412922,237.9784051314764,22.25,1.0178247262040374
2021-01-28 17:00:00,152.85913918433204,325.1900642246949,95.028503120258,19.95878092847395,1.5285913918433205
2021-01-28 18:00:00,245.95772838450813,773.4731256866006,257.15377709962587,17.5,2.459577283845081
2021-01-28 19:00:00,0.0,0.0,0.0,15.041219071526053,1.6068137325955567
2021-01-28 20:00:00,0.0,0.0,0.0,12.750000000000004,1.8656702405130576
2021-01-28 21:00:00,0.0,0.0,0.0,10.7824855787278,2.850951686938471
2021-01-28 22:00:00,0.0,0.0,0.0,9.272758664047837,1.7337359529475482
2021-01-28 23:00:00,0.0,0.0,0.0,8.32370465025385,8.967654246264251
2021-01-29 00:00:00,0.0,0.0,0.0,8.0,0.8023374566164221
2021-01-29 01:00:00,0.0,0.0,0.0,8.32370465025385,5.245113895702547
2021-01-29 02:00:00,0.0,0.0,0.0,9.272758664047837,4.103968269896615
2021-01-29 03:00:00,0.0,0.0,0.0,10.782485578727798,9.823786169086064
2021-01-29 04:00:00,0.0,0.0,0.0,12.75,1.1203890216805237
2021-01-29 05:00:00,0.0,0.0,0.0,15.041219071526053,3.9785559904574166
2021-01-29 06:00:00,0.0,0.0,0.0,17.5,9.69470433275369
2021-01-29 07:00:00,0.0,0.0,0.0,19.95878092847395,8.655071258939802
2021-01-29 08:00:00,817.0720709492799,167.04190790094987,241.0810606324605,22.25,8.1707207094928
2021-01-29 09:00:00,257.90282704493984,167.61921628831766,151.56203207299146,24.2175144212722,2.579028270449398
2021-01-29 10:00:00,170.88758739006582,36.671426933542975,290.1379845777511,25.727241335952165,1.7088758739006582
2021-01-29 11:00:00,668.643219924431,736.4020150656405,125.32829378252993,26.676295349746148,6.68643219924431
2021-01-29 12:00:00,929.3759891275856,663.804527621805,295.2330957109493,27.0,9.293759891275858
2021-01-29 13:00:00,556.7628930139298,474.63087574981387,200.37599964108813,26.67629534974615,5.567628930139298
2021-01-29 14:00:00,571.6126894698998,844.1704489691971,190.40138197618245,25.72724133595217,5.716126894698999
2021-01-29 15:00:00,279.9790936602841,805.6701529500532,49.7864685887355,24.2175144212722,2.7997909366028417
2021-01-29 16:00:00,769.4929331919369,585.3543643967522,264.5783274913932,22.25,7.694929331919369
2021-01-29 17:00:00,187.04374855752337,868.2712805132586,128.24690637618454,19.95878092847395,1.8704374855752337
2021-01-29 18:00:00,0.0,0.0,0.0,17.5,3.2367923640424365
2021-01-29 19:00:00,0.0,0.0,0.0,15.041219071526053,4.254364386164168
2021-01-29 20:00:00,0.0,0.0,0.0,12.750000000000004,5.07610378684455
2021-01-29 21:00:00,0.0,0.0,0.0,10.7824855787278,2.4240973241508024
2021-01-29 22:00:00,0.0,0.0,0.0,9.272758664047837,1.1483682473920354
2021-01-29 23:00:00,0.0,0.0,0.0,8.32370465025385,6.1062004244163255
2021-01-30 00:00:00,0.0,0.0,0.0,8.0,2.8863055324025577
2021-01-30 01:00:00,0.0,0.0,0.0,8.32370465025385,5.812382214226123
2021-01-30 02:00:00,0.0,0.0,0.0,9.272758664047837,1.5436271527420231
2021-01-30 03:00:00,0.0,0.0,0.0,10.782485578727798,4.811401018548175
2021-01-30 04:00:00,0.0,0.0,0.0,12.75,5.325894325515859
2021-01-30 05:00:00,0.0,0.0,0.0,15.041219071526053,0.5182353682242691
2021-01-30 06:00:00,336.6042781939206,41.5728590503921,213.07283958699347,17.5,3.366042781939206
2021-01-30 07:00:00,134.41467693897425,148.34320096208887,94.30503395512451,19.95878092847395,1.3441467693897424
2021-01-30 08:00:00,63.37497047276774,986.6301229588468,141.3503696798444,22.25,0.6337497047276774
2021-01-30 09:00:00,989.9602323899452,965.1186964360456,246.4910693131415,24.2175144212722,9.899602323899453
2021-01-30 10:00:00,322.35384497472296,4.939980934409616,137.77955915196418,25.727241335952165,3.2235384497472297
2021-01-30 11:00:00,809.8744458546348,951.8117854232388,107.33947959763252,26.676295349746148,8.09874445854635
2021-01-30 12:00:00,254.64065476376385,639.1199378155004,148.26373417508998,27.0,2.5464065476376385
2021-01-30 13:00:00,681.5027222239293,867.9182945200221,248.47477573116552,26.67629534974615,6.8150272222392925
2021-01-30 14:00:00,760.2278598896866,454.7398556338591,100.56241421126182,25.72724133595217,7.6022785988968655
2021-01-30 15:00:00,595.6387406078443,515.5960285792503,52.12847794072314,24.2175144212722,5.956387406078443
2021-01-30 16:00:00,471.5761885501584,488.84658025692016,213.60420609923423,22.25,4.715761885501584
2021-01-30 17:00:00,411.8409141472685,666.8642575461043,247.79346381242453,19.95878092847395,4.118409141472686
2021-01-30 18:00:00,348.8682665429953,139.6512547563129,30.19124355706,17.5,3.4886826654299528
2021-01-30 19:00:00,0.0,0.0,0.0,15.041219071526053,9.29529144247826
2021-01-30 20:00:00,0.0,0.0,0.0,12.750000000000004,8.306194077877292
2021-01-30 21:00:00,0.0,0.0,0.0,10.7824855787278,9.650269106665126
2021-01-30 22:00:00,0.0,0.0,0.0,9.272758664047837,1.2429722348554473
2021-01-30 23:00:00,0.0,0.0,0.0,8.32370465025385,7.308674752036443
2024-10-20 00:00:00,15.4,0.0,0.0
2024-10-20 01:00:00,14.5,0.0,0.0
2024-10-20 02:00:00,13.4,0.0,0.0
2024-10-20 03:00:00,12.8,0.0,0.0
2024-10-20 04:00:00,12.7,0.0,0.0
2024-10-20 05:00:00,12.3,0.0,0.0
2024-10-20 06:00:00,11.8,0.0,0.0
2024-10-20 07:00:00,13.8,0.3,5.3
2024-10-20 08:00:00,16.8,1.4,15.0
2024-10-20 09:00:00,19.5,3.6,193.75
2024-10-20 10:00:00,22.1,6.5,337.21093924684396
2024-10-20 11:00:00,24.2,9.4,381.2082822539038
2024-10-20 12:00:00,25.8,11.2,273.39523585390407
2024-10-20 13:00:00,26.6,11.3,256.1801347539038
2024-10-20 14:00:00,27.4,9.8,517.1892000000001
2024-10-20 15:00:00,27.5,7.0,511.2236000000001
2024-10-20 16:00:00,27.2,3.9,512.715
2024-10-20 17:00:00,26.3,1.7,268.48676475390386
2024-10-20 18:00:00,25.1,0.4,255.36046060780757
2024-10-20 19:00:00,21.7,0.0,195.49460278513288
2024-10-20 20:00:00,19.8,0.0,0.0
2024-10-20 21:00:00,18.6,0.0,0.0
2024-10-20 22:00:00,17.3,0.0,0.0
2024-10-20 23:00:00,16.9,0.0,0.0
2024-10-20 00:00:00,15.4,0.0,0.0
2024-10-20 01:00:00,14.5,0.0,0.0
2024-10-20 02:00:00,13.4,0.0,0.0
2024-10-20 03:00:00,12.8,0.0,0.0
2024-10-20 04:00:00,12.7,0.0,0.0
2024-10-20 05:00:00,12.3,0.0,0.0
2024-10-20 06:00:00,11.8,0.0,0.0
2024-10-20 07:00:00,13.8,0.3,5.3
2024-10-20 08:00:00,16.8,1.4,15.0
2024-10-20 09:00:00,19.5,3.6,193.75
2024-10-20 10:00:00,22.1,6.5,337.21093924684396
2024-10-20 11:00:00,24.2,9.4,381.2082822539038
2024-10-20 12:00:00,25.8,11.2,273.39523585390407
2024-10-20 13:00:00,26.6,11.3,256.1801347539038
2024-10-20 14:00:00,27.4,9.8,517.1892000000001
2024-10-20 15:00:00,27.5,7.0,511.2236000000001
2024-10-20 16:00:00,27.2,3.9,512.715
2024-10-20 17:00:00,26.3,1.7,268.48676475390386
2024-10-20 18:00:00,25.1,0.4,255.36046060780757
2024-10-20 19:00:00,21.7,0.0,195.49460278513288
2024-10-20 20:00:00,19.8,0.0,0.0
2024-10-20 21:00:00,18.6,0.0,0.0
2024-10-20 22:00:00,17.3,0.0,0.0
2024-10-20 23:00:00,16.9,0.0,0.0
2024-10-20 00:00:00,15.4,0.0,0.0
2024-10-20 01:00:00,14.5,0.0,0.0
2024-10-20 02:00:00,13.4,0.0,0.0
2024-10-20 03:00:00,12.8,0.0,0.0
2024-10-20 04:00:00,12.7,0.0,0.0
2024-10-20 05:00:00,12.3,0.0,0.0
2024-10-20 06:00:00,11.8,0.0,0.0
2024-10-20 07:00:00,13.8,0.3,5.3
2024-10-20 08:00:00,16.8,1.4,15.0
2024-10-20 09:00:00,19.5,3.6,193.75
2024-10-20 10:00:00,22.1,6.5,337.21093924684396
2024-10-20 11:00:00,24.2,9.4,381.2082822539038
2024-10-20 12:00:00,25.8,11.2,273.39523585390407
2024-10-20 13:00:00,26.6,11.3,256.1801347539038
2024-10-20 14:00:00,27.4,9.8,517.1892000000001
2024-10-20 15:00:00,27.5,7.0,511.2236000000001
2024-10-20 16:00:00,27.2,3.9,512.715
2024-10-20 17:00:00,26.3,1.7,268.48676475390386
2024-10-20 18:00:00,25.1,0.4,255.36046060780757
2024-10-20 19:00:00,21.7,0.0,195.49460278513288
2024-10-20 20:00:00,19.8,0.0,0.0
2024-10-20 21:00:00,18.6,0.0,0.0
2024-10-20 22:00:00,17.3,0.0,0.0
2024-10-20 23:00:00,16.9,0.0,0.0
2024-10-20 00:00:00,15.4,0.0,0.0
2024-10-20 01:00:00,14.5,0.0,0.0
2024-10-20 02:00:00,13.4,0.0,0.0
2024-10-20 03:00:00,12.8,0.0,0.0
2024-10-20 04:00:00,12.7,0.0,0.0
2024-10-20 05:00:00,12.3,0.0,0.0
2024-10-20 06:00:00,11.8,0.0,0.0
2024-10-20 07:00:00,13.8,0.3,5.3
2024-10-20 08:00:00,16.8,1.4,15.0
2024-10-20 09:00:00,19.5,3.6,193.75
2024-10-20 10:00:00,22.1,6.5,337.21093924684396
2024-10-20 11:00:00,24.2,9.4,381.2082822539038
2024-10-20 12:00:00,25.8,11.2,273.39523585390407
2024-10-20 13:00:00,26.6,11.3,256.1801347539038
2024-10-20 14:00:00,27.4,9.8,517.1892000000001
2024-10-20 15:00:00,27.5,7.0,511.2236000000001
2024-10-20 16:00:00,27.2,3.9,512.715
2024-10-20 17:00:00,26.3,1.7,268.48676475390386
2024-10-20 18:00:00,25.1,0.4,255.36046060780757
2024-10-20 19:00:00,21.7,0.0,195.49460278513288
2024-10-20 20:00:00,19.8,0.0,0.0
2024-10-20 21:00:00,18.6,0.0,0.0
2024-10-20 22:00:00,17.3,0.0,0.0
2024-10-20 23:00:00,16.9,0.0,0.0
2024-10-20 00:00:00,15.4,0.0,0.0
2024-10-20 01:00:00,14.5,0.0,0.0
2024-10-20 02:00:00,13.4,0.0,0.0
2024-10-20 03:00:00,12.8,0.0,0.0
2024-10-20 04:00:00,12.7,0.0,0.0
2024-10-20 05:00:00,12.3,0.0,0.0
2024-10-20 06:00:00,11.8,0.0,0.0
2024-10-20 07:00:00,13.8,0.3,5.3
2024-10-20 08:00:00,16.8,1.4,15.0
2024-10-20 09:00:00,19.5,3.6,193.75
2024-10-20 10:00:00,22.1,6.5,337.21093924684396
2024-10-20 11:00:00,24.2,9.4,381.2082822539038
2024-10-20 12:00:00,25.8,11.2,273.39523585390407
2024-10-20 13:00:00,26.6,11.3,256.1801347539038
2024-10-20 14:00:00,27.4,9.8,517.1892000000001
2024-10-20 15:00:00,27.5,7.0,511.2236000000001
2024-10-20 16:00:00,27.2,3.9,512.715
2024-10-20 17:00:00,26.3,1.7,268.48676475390386
2024-10-20 18:00:00,25.1,0.4,255.36046060780757
2024-10-20 19:00:00,21.7,0.0,195.49460278513288
2024-10-20 20:00:00,19.8,0.0,0.0
2024-10-20 21:00:00,18.6,0.0,0.0
2024-10-20 22:00:00,17.3,0.0,0.0
2024-10-20 23:00:00,16.9,0.0,0.0
2024-10-20 00:00:00,15.4,0.0,0.0
2024-10-20 01:00:00,14.5,0.0,0.0
2024-10-20 02:00:00,13.4,0.0,0.0
2024-10-20 03:00:00,12.8,0.0,0.0
2024-10-20 04:00:00,12.7,0.0,0.0
2024-10-20 05:00:00,12.3,0.0,0.0
2024-10-20 06:00:00,11.8,0.0,0.0
2024-10-20 07:00:00,13.8,0.3,5.3
2024-10-20 08:00:00,16.8,1.4,15.0
2024-10-20 09:00:00,19.5,3.6,193.75
2024-10-20 10:00:00,22.1,6.5,337.21093924684396
2024-10-20 11:00:00,24.2,9.4,381.2082822539038
2024-10-20 12:00:00,25.8,11.2,273.39523585390407
2024-10-20 13:00:00,26.6,11.3,256.1801347539038
2024-10-20 14:00:00,27.4,9.8,517.1892000000001
2024-10-20 15:00:00,27.5,7.0,511.2236000000001
2024-10-20 16:00:00,27.2,3.9,512.715
2024-10-20 17:00:00,26.3,1.7,268.48676475390386
2024-10-20 18:00:00,25.1,0.4,255.36046060780757
2024-10-20 19:00:00,21.7,0.0,195.49460278513288
2024-10-20 20:00:00,19.8,0.0,0.0
2024-10-20 21:00:00,18.6,0.0,0.0
2024-10-20 22:00:00,17.3,0.0,0.0
2024-10-20 23:00:00,16.9,0.0,0.0
2024-10-20 00:00:00,15.4,0.0,0.0
2024-10-20 01:00:00,14.5,0.0,0.0
2024-10-20 02:00:00,13.4,0.0,0.0
2024-10-20 03:00:00,12.8,0.0,0.0
2024-10-20 04:00:00,12.7,0.0,0.0
2024-10-20 05:00:00,12.3,0.0,0.0
2024-10-20 06:00:00,11.8,0.0,0.0
2024-10-20 07:00:00,13.8,0.3,5.3
2024-10-20 08:00:00,16.8,1.4,15.0
2024-10-20 09:00:00,19.5,3.6,193.75
2024-10-20 10:00:00,22.1,6.5,337.21093924684396
2024-10-20 11:00:00,24.2,9.4,381.2082822539038
2024-10-20 12:00:00,25.8,11.2,273.39523585390407
2024-10-20 13:00:00,26.6,11.3,256.1801347539038
2024-10-20 14:00:00,27.4,9.8,517.1892000000001
2024-10-20 15:00:00,27.5,7.0,511.2236000000001
2024-10-20 16:00:00,27.2,3.9,512.715
2024-10-20 17:00:00,26.3,1.7,268.48676475390386
2024-10-20 18:00:00,25.1,0.4,255.36046060780757
2024-10-20 19:00:00,21.7,0.0,195.49460278513288
2024-10-20 20:00:00,19.8,0.0,0.0
2024-10-20 21:00:00,18.6,0.0,0.0
2024-10-20 22:00:00,17.3,0.0,0.0
2024-10-20 23:00:00,16.9,0.0,0.0
2024-10-20 00:00:00,15.4,0.0,0.0
2024-10-20 01:00:00,14.5,0.0,0.0
2024-10-20 02:00:00,13.4,0.0,0.0
2024-10-20 03:00:00,12.8,0.0,0.0
2024-10-20 04:00:00,12.7,0.0,0.0
2024-10-20 05:00:00,12.3,0.0,0.0
2024-10-20 06:00:00,11.8,0.0,0.0
2024-10-20 07:00:00,13.8,0.3,5.3
2024-10-20 08:00:00,16.8,1.4,15.0
2024-10-20 09:00:00,19.5,3.6,193.75
2024-10-20 10:00:00,22.1,6.5,337.21093924684396
2024-10-20 11:00:00,24.2,9.4,381.2082822539038
2024-10-20 12:00:00,25.8,11.2,273.39523585390407
2024-10-20 13:00:00,26.6,11.3,256.1801347539038
2024-10-20 14:00:00,27.4,9.8,517.1892000000001
2024-10-20 15:00:00,27.5,7.0,511.2236000000001
2024-10-20 16:00:00,27.2,3.9,512.715
2024-10-20 17:00:00,26.3,1.7,268.48676475390386
2024-10-20 18:00:00,25.1,0.4,255.36046060780757
2024-10-20 19:00:00,21.7,0.0,195.49460278513288
2024-10-20 20:00:00,19.8,0.0,0.0
2024-10-20 21:00:00,18.6,0.0,0.0
2024-10-20 22:00:00,17.3,0.0,0.0
2024-10-20 23:00:00,16.9,0.0,0.0
2024-10-20 00:00:00,15.4,0.0,0.0
2024-10-20 01:00:00,14.5,0.0,0.0
2024-10-20 02:00:00,13.4,0.0,0.0
2024-10-20 03:00:00,12.8,0.0,0.0
2024-10-20 04:00:00,12.7,0.0,0.0
2024-10-20 05:00:00,12.3,0.0,0.0
2024-10-20 06:00:00,11.8,0.0,0.0
2024-10-20 07:00:00,13.8,0.3,5.3
2024-10-20 08:00:00,16.8,1.4,15.0
2024-10-20 09:00:00,19.5,3.6,193.75
2024-10-20 10:00:00,22.1,6.5,337.21093924684396
2024-10-20 11:00:00,24.2,9.4,381.2082822539038
2024-10-20 12:00:00,25.8,11.2,273.39523585390407
2024-10-20 13:00:00,26.6,11.3,256.1801347539038
2024-10-20 14:00:00,27.4,9.8,517.1892000000001
2024-10-20 15:00:00,27.5,7.0,511.2236000000001
2024-10-20 16:00:00,27.2,3.9,512.715
2024-10-20 17:00:00,26.3,1.7,268.48676475390386
2024-10-20 18:00:00,25.1,0.4,255.36046060780757
2024-10-20 19:00:00,21.7,0.0,195.49460278513288
2024-10-20 20:00:00,19.8,0.0,0.0
2024-10-20 21:00:00,18.6,0.0,0.0
2024-10-20 22:00:00,17.3,0.0,0.0
2024-10-20 23:00:00,16.9,0.0,0.0
2024-10-20 00:00:00,15.4,0.0,0.0
2024-10-20 01:00:00,14.5,0.0,0.0
2024-10-20 02:00:00,13.4,0.0,0.0
2024-10-20 03:00:00,12.8,0.0,0.0
2024-10-20 04:00:00,12.7,0.0,0.0
2024-10-20 05:00:00,12.3,0.0,0.0
2024-10-20 06:00:00,11.8,0.0,0.0
2024-10-20 07:00:00,13.8,0.3,5.3
2024-10-20 08:00:00,16.8,1.4,15.0
2024-10-20 09:00:00,19.5,3.6,193.75
2024-10-20 10:00:00,22.1,6.5,337.21093924684396
2024-10-20 11:00:00,24.2,9.4,381.2082822539038
2024-10-20 12:00:00,25.8,11.2,273.39523585390407
2024-10-20 13:00:00,26.6,11.3,256.1801347539038
2024-10-20 14:00:00,27.4,9.8,517.1892000000001
2024-10-20 15:00:00,27.5,7.0,511.2236000000001
2024-10-20 16:00:00,27.2,3.9,512.715
2024-10-20 17:00:00,26.3,1.7,268.48676475390386
2024-10-20 18:00:00,25.1,0.4,255.36046060780757
2024-10-20 19:00:00,21.7,0.0,195.49460278513288
2024-10-20 20:00:00,19.8,0.0,0.0
2024-10-20 21:00:00,18.6,0.0,0.0
2024-10-20 22:00:00,17.3,0.0,0.0
2024-10-20 23:00:00,16.9,0.0,0.0
2024-10-20 00:00:00,15.4,0.0,0.0
2024-10-20 01:00:00,14.5,0.0,0.0
2024-10-20 02:00:00,13.4,0.0,0.0
2024-10-20 03:00:00,12.8,0.0,0.0
2024-10-20 04:00:00,12.7,0.0,0.0
2024-10-20 05:00:00,12.3,0.0,0.0
2024-10-20 06:00:00,11.8,0.0,0.0
2024-10-20 07:00:00,13.8,0.3,5.3
2024-10-20 08:00:00,16.8,1.4,15.0
2024-10-20 09:00:00,19.5,3.6,193.75
2024-10-20 10:00:00,22.1,6.5,337.21093924684396
2024-10-20 11:00:00,24.2,9.4,381.2082822539038
2024-10-20 12:00:00,25.8,11.2,273.39523585390407
2024-10-20 13:00:00,26.6,11.3,256.1801347539038
2024-10-20 14:00:00,27.4,9.8,517.1892000000001
2024-10-20 15:00:00,27.5,7.0,511.2236000000001
2024-10-20 16:00:00,27.2,3.9,512.715
2024-10-20 17:00:00,26.3,1.7,268.48676475390386
2024-10-20 18:00:00,25.1,0.4,255.36046060780757
2024-10-20 19:00:00,21.7,0.0,195.49460278513288
2024-10-20 20:00:00,19.8,0.0,0.0
2024-10-20 21:00:00,18.6,0.0,0.0
2024-10-20 22:00:00,17.3,0.0,0.0
2024-10-20 23:00:00,16.9,0.0,0.0
2024-10-20 00:00:00,15.4,0.0,0.0
2024-10-20 01:00:00,14.5,0.0,0.0
2024-10-20 02:00:00,13.4,0.0,0.0
2024-10-20 03:00:00,12.8,0.0,0.0
2024-10-20 04:00:00,12.7,0.0,0.0
2024-10-20 05:00:00,12.3,0.0,0.0
2024-10-20 06:00:00,11.8,0.0,0.0
2024-10-20 07:00:00,13.8,0.3,5.3
2024-10-20 08:00:00,16.8,1.4,15.0
2024-10-20 09:00:00,19.5,3.6,193.75
2024-10-20 10:00:00,22.1,6.5,337.21093924684396
2024-10-20 11:00:00,24.2,9.4,381.2082822539038
2024-10-20 12:00:00,25.8,11.2,273.39523585390407
2024-10-20 13:00:00,26.6,11.3,256.1801347539038
2024-10-20 14:00:00,27.4,9.8,517.1892000000001
2024-10-20 15:00:00,27.5,7.0,511.2236000000001
2024-10-20 16:00:00,27.2,3.9,512.715
2024-10-20 17:00:00,26.3,1.7,268.48676475390386
2024-10-20 18:00:00,25.1,0.4,255.36046060780757
2024-10-20 19:00:00,21.7,0.0,195.49460278513288
2024-10-20 20:00:00,19.8,0.0,0.0
2024-10-20 21:00:00,18.6,0.0,0.0
2024-10-20 22:00:00,17.3,0.0,0.0
2024-10-20 23:00:00,16.9,0.0,0.0
2024-10-20 00:00:00,15.4,0.0,0.0
2024-10-20 01:00:00,14.5,0.0,0.0
2024-10-20 02:00:00,13.4,0.0,0.0
2024-10-20 03:00:00,12.8,0.0,0.0
2024-10-20 04:00:00,12.7,0.0,0.0
2024-10-20 05:00:00,12.3,0.0,0.0
2024-10-20 06:00:00,11.8,0.0,0.0
2024-10-20 07:00:00,13.8,0.3,5.3
2024-10-20 08:00:00,16.8,1.4,15.0
2024-10-20 09:00:00,19.5,3.6,193.75
2024-10-20 10:00:00,22.1,6.5,337.21093924684396
2024-10-20 11:00:00,24.2,9.4,381.2082822539038
2024-10-20 12:00:00,25.8,11.2,273.39523585390407
2024-10-20 13:00:00,26.6,11.3,256.1801347539038
2024-10-20 14:00:00,27.4,9.8,517.1892000000001
2024-10-20 15:00:00,27.5,7.0,511.2236000000001
2024-10-20 16:00:00,27.2,3.9,512.715
2024-10-20 17:00:00,26.3,1.7,268.48676475390386
2024-10-20 18:00:00,25.1,0.4,255.36046060780757
2024-10-20 19:00:00,21.7,0.0,195.49460278513288
2024-10-20 20:00:00,19.8,0.0,0.0
2024-10-20 21:00:00,18.6,0.0,0.0
2024-10-20 22:00:00,17.3,0.0,0.0
2024-10-20 23:00:00,16.9,0.0,0.0
